transaction_id,account_id,timestamp,amount,merchant_id,country,device_id,account_open_date,account_balance,is_fraud,hour,day_of_week,is_weekend,hour_sin,hour_cos,card_age_days,account_balance_ratio,is_international,time_since_prev_txn,time_since_prev_txn_log,velocity_last_hour,velocity_last_day,is_recurring_merchant,account_mean,account_std,amount_normalized,amount_deviation,country_id,fraud_probability,predicted_fraud,correct
TEST_00084,1,2026-02-24 02:48:30.984165,8.948683237012887,126,FR,39,2024-04-12,7638.300225597975,0,2,1,0,0.49999999999999994,0.8660254037844387,683,0.0011715542689751143,1,0.0,0.0,0,0,0,10.174848456520495,1.734059483137843,-0.7071027034561678,-1.2261652195076085,1,0.7136741,0,1
TEST_00127,1,2026-02-24 18:45:30.984165,11.401013676028104,42,FR,92,2024-04-12,11607.031972040153,0,18,1,0,-1.0,-1.8369701987210297e-16,683,0.000982250561856957,1,57420.0,10.958165369058063,0,1,0,10.174848456520495,1.734059483137843,0.7071027034561678,1.2261652195076085,1,0.713674,0,1
TEST_00025,2,2026-02-24 02:59:30.984165,22.441739370610133,154,US,170,2024-04-12,19779.82068415718,0,2,1,0,0.49999999999999994,0.8660254037844387,683,0.0011345774933432557,1,0.0,0.0,0,0,0,23.00640833836087,7.119536822803578,-0.07931248741031227,-0.5646689677507375,4,0.093734376,0,1
TEST_00103,2,2026-02-24 07:36:30.984165,16.388569271369725,24,TN,116,2024-04-12,7285.735186771855,1,7,1,0,0.9659258262890683,-0.25881904510252063,683,0.002249405015587882,0,16620.0,9.71842223507111,0,1,0,23.00640833836087,7.119536822803578,-0.929530942305838,-6.617839066991145,2,0.10649204,0,0
TEST_00000,2,2026-02-24 08:33:30.984165,33.006818225246434,32,UK,23,2024-04-12,16047.068212460186,0,8,1,0,0.8660254037844387,-0.4999999999999998,683,0.0020568752988547392,1,3420.0,8.137688184977605,1,2,0,23.00640833836087,7.119536822803578,1.4046413536960969,10.000409886885564,3,0.15916397,0,1
TEST_00098,2,2026-02-24 12:36:30.984165,20.188506486217193,94,DE,127,2024-04-12,5406.530695104687,0,12,1,0,1.2246467991473532e-16,-1.0,683,0.0037340963410226755,1,14580.0,9.587474590316285,0,3,0,23.00640833836087,7.119536822803578,-0.3957979239799461,-2.8179018521436774,0,0.6878954,0,1
TEST_00061,3,2026-02-24 09:41:30.984165,16.682178990758878,56,TN,175,2024-04-12,10367.138483756393,0,9,1,0,0.7071067811865476,-0.7071067811865475,683,0.0016091401708289244,0,0.0,0.0,0,0,0,16.933424693403737,6.377485517890377,-0.03939566902713696,-0.2512457026448587,2,0.6939982,0,1
TEST_00181,3,2026-02-24 09:42:30.984165,8.52363116893662,127,FR,7,2024-04-12,13693.60708052604,0,9,1,0,0.7071067811865476,-0.7071067811865475,683,0.0006224533184582352,1,60.0,4.110873864173311,1,1,0,16.933424693403737,6.377485517890377,-1.3186671007256165,-8.409793524467117,1,0.6658663,0,1
TEST_00109,3,2026-02-24 11:01:30.984165,18.644553841732012,85,FR,125,2024-04-12,10558.563143270843,0,11,1,0,0.258819045102521,-0.9659258262890682,683,0.001765823018600264,1,4740.0,8.464003362902119,0,2,0,16.933424693403737,6.377485517890377,0.26830738548198985,1.7111291483282756,1,0.6577958,0,1
TEST_00194,3,2026-02-24 22:43:30.984165,23.883334772187435,58,UK,84,2024-04-12,11670.437896686251,0,22,1,0,-0.5000000000000004,0.8660254037844384,683,0.0020464814588464554,1,42120.0,10.64830170765649,0,3,0,16.933424693403737,6.377485517890377,1.0897553842707635,6.949910078783699,3,0.6594029,0,1
TEST_00057,4,2026-02-24 02:19:30.984165,14.743283514760323,101,FR,162,2024-04-12,9150.203359583775,0,2,1,0,0.49999999999999994,0.8660254037844387,683,0.001611252005598154,1,0.0,0.0,0,0,0,21.499727797316485,17.900745763282174,-0.3774390518424313,-6.756444282556162,1,0.48127997,0,1
TEST_00041,4,2026-02-24 04:47:30.984165,23.840081985729842,60,TN,69,2024-04-12,8978.04587258228,0,4,1,0,0.8660254037844386,0.5000000000000001,683,0.002655375381689036,0,8880.0,9.091669442258505,0,1,0,21.499727797316485,17.900745763282174,0.13074052399585637,2.3403541884133574,2,0.6641786,0,1
TEST_00032,4,2026-02-24 06:58:30.984165,19.816259255910275,10,TN,167,2024-04-12,9956.427336207482,0,6,1,0,1.0,6.123233995736766e-17,683,0.001990298184957027,0,7860.0,8.969669103793757,0,2,0,21.499727797316485,17.900745763282174,-0.09404455117248857,-1.68346854140621,2,0.6726864,0,1
TEST_00128,4,2026-02-24 07:47:30.984165,63.400836009848916,156,FR,19,2024-04-12,17331.734679491456,1,7,1,0,0.9659258262890683,-0.25881904510252063,683,0.0036580779236639696,1,2940.0,7.9865049385539955,1,3,0,21.499727797316485,17.900745763282174,2.340745204651052,41.901108212532435,1,0.68268013,0,0
TEST_00170,4,2026-02-24 09:10:30.984165,8.252247358772761,55,US,79,2024-04-12,7183.5469354909765,0,9,1,0,0.7071067811865476,-0.7071067811865475,683,0.0011487705771088892,1,4980.0,8.513385953073284,0,4,0,21.499727797316485,17.900745763282174,-0.7400514600459945,-13.247480438543723,4,0.68542325,0,1
TEST_00198,4,2026-02-24 10:33:30.984165,21.289387698624704,31,UK,153,2024-04-12,13468.66963861945,0,10,1,0,0.49999999999999994,-0.8660254037844387,683,0.0015806600258113453,1,4980.0,8.513385953073284,0,5,0,21.499727797316485,17.900745763282174,-0.011750347386071135,-0.2103400986917805,3,0.69504386,0,1
TEST_00196,4,2026-02-24 12:45:30.984165,8.299062559612826,41,UK,186,2024-04-12,6832.395786308956,0,12,1,0,1.2246467991473532e-16,-1.0,683,0.0012146636142248725,1,7920.0,8.97727273946428,0,6,0,21.499727797316485,17.900745763282174,-0.7374361961175244,-13.200665237703658,3,0.8101897,1,0
TEST_00126,4,2026-02-24 18:03:30.984165,12.35666399527222,43,UK,120,2024-04-12,18026.917958944163,1,18,1,0,-1.0,-1.8369701987210297e-16,683,0.0006854562728589658,1,19080.0,9.856448354530341,0,7,0,21.499727797316485,17.900745763282174,-0.5107641220823991,-9.143063802044265,3,0.8165364,1,1
TEST_00050,5,2026-02-23 23:29:30.984165,27.773545568796088,74,DE,105,2024-04-12,19941.446717826417,0,23,0,0,-0.25881904510252157,0.9659258262890681,682,0.0013927547966702065,1,0.0,0.0,0,0,0,24.1293399212857,8.033595304056814,0.4536202003439399,3.6442056475103897,0,0.8188561,1,0
TEST_00027,5,2026-02-24 17:20:30.984165,29.24468998857837,124,UK,22,2024-04-12,14896.262341210511,0,17,1,0,-0.9659258262890683,-0.25881904510252063,683,0.0019632233454745848,1,64260.0,11.070708194329034,0,1,0,24.1293399212857,8.033595304056814,0.636744011397911,5.11535006729267,3,0.67010915,0,1
TEST_00129,5,2026-02-24 18:51:30.984165,12.140225323555748,100,TN,26,2024-04-12,7237.963767104828,0,18,1,0,-1.0,-1.8369701987210297e-16,683,0.0016772984383716825,0,5460.0,8.605387202152153,0,2,0,24.1293399212857,8.033595304056814,-1.4923703796694718,-11.98911459772995,2,0.6462801,0,1
TEST_00046,5,2026-02-24 22:12:30.984165,27.35889880421258,143,UK,72,2024-04-12,6798.2992092068625,1,22,1,0,-0.5000000000000004,0.8660254037844384,683,0.004024374032722879,1,12060.0,9.397732385583243,0,3,0,24.1293399212857,8.033595304056814,0.40200616792761984,3.229558882926881,3,0.64567035,0,0
TEST_00142,6,2026-02-24 06:58:30.984165,4.897746239372612,162,DE,109,2024-04-12,19261.794167095286,1,6,1,0,1.0,6.123233995736766e-17,683,0.00025427258732415377,1,0.0,0.0,0,0,0,25.64088627723922,18.50460778874532,-1.1209710070576424,-20.743140037866606,0,0.21825899,0,0
TEST_00114,6,2026-02-24 08:41:30.984165,40.91343743889386,147,FR,47,2024-04-12,16257.144227405093,1,8,1,0,0.8660254037844387,-0.4999999999999998,683,0.0025166435670740377,1,6180.0,8.729235349659273,0,1,0,25.64088627723922,18.50460778874532,0.8253372934264844,15.27255116165464,1,0.2184146,0,0
TEST_00182,6,2026-02-24 09:14:30.984165,6.883364110161833,50,FR,30,2024-04-12,8011.921919751143,0,9,1,0,0.7071067811865476,-0.7071067811865475,683,0.0008591401887221132,1,1980.0,7.591357046698551,1,2,0,25.64088627723922,18.50460778874532,-1.0136670954903961,-18.757522167077386,1,0.22923237,0,1
TEST_00186,6,2026-02-24 12:38:30.984165,32.24095776581426,2,US,99,2024-04-12,6853.8310514523855,0,12,1,0,1.2246467991473532e-16,-1.0,683,0.0047040782773573216,1,12240.0,9.412546252075513,0,3,0,25.64088627723922,18.50460778874532,0.3566715921357351,6.60007148857504,4,0.6636735,0,1
TEST_00007,6,2026-02-24 18:00:30.984165,43.268925831953524,44,DE,172,2024-04-12,17925.60350466166,0,18,1,0,-1.0,-1.8369701987210297e-16,683,0.0024138058069119502,1,19320.0,9.868947866261383,0,4,0,25.64088627723922,18.50460778874532,0.9526292169858186,17.628039554714306,0,0.872141,1,0
TEST_00039,7,2026-02-24 00:53:30.984165,24.45564909023567,105,DE,165,2024-04-12,5221.367847434758,0,0,1,0,0.0,1.0,683,0.00468376291516229,1,0.0,0.0,0,0,0,30.766170946276794,46.098007801924474,-0.1368935619565333,-6.310521856041124,0,0.49180186,0,1
TEST_00035,7,2026-02-24 02:28:30.984165,5.924855805075756,106,FR,64,2024-04-12,11353.679345298811,0,2,1,0,0.49999999999999994,0.8660254037844387,683,0.0005218445602419665,1,5700.0,8.648396877031582,0,1,0,30.766170946276794,46.098007801924474,-0.5388803320771848,-24.841315141201036,1,0.68804914,0,1
TEST_00133,7,2026-02-24 06:15:30.984165,32.252399082666805,99,UK,52,2024-04-12,14906.422057880549,0,6,1,0,1.0,6.123233995736766e-17,683,0.002163657982944069,1,13620.0,9.519367998447342,0,2,0,30.766170946276794,46.098007801924474,0.03224060832238137,1.486228136390011,3,0.7357185,0,1
TEST_00037,7,2026-02-24 07:39:30.984165,2.8301504594356834,22,UK,99,2024-04-12,11729.203217496979,0,7,1,0,0.9659258262890683,-0.25881904510252063,683,0.00024129093911629232,1,5040.0,8.525359754082631,0,3,0,30.766170946276794,46.098007801924474,-0.6060134864556986,-27.936020486841112,3,0.7811308,0,1
TEST_00163,7,2026-02-24 14:11:30.984165,8.840272320383232,15,DE,177,2024-04-12,11853.921117113634,0,14,1,0,-0.4999999999999997,-0.8660254037844388,683,0.0007457677702629921,1,23520.0,10.065648918115544,0,4,0,30.766170946276794,46.098007801924474,-0.47563647357041483,-21.925898625893563,0,0.84722674,1,0
TEST_00106,7,2026-02-24 18:55:30.984165,132.44744181818032,4,US,106,2024-04-12,15160.209302756131,0,18,1,0,-1.0,-1.8369701987210297e-16,683,0.00873651802380468,1,17040.0,9.743377484107393,0,5,0,30.766170946276794,46.098007801924474,2.205762323855465,101.68127087190354,4,0.9858634,1,0
TEST_00188,7,2026-02-24 22:12:30.984165,8.61242804796009,29,FR,4,2024-04-12,14293.203005667943,0,22,1,0,-0.5000000000000004,0.8660254037844384,683,0.000602554098234304,1,11820.0,9.377632889750377,0,6,0,30.766170946276794,46.098007801924474,-0.48057907811801487,-22.153742898316704,1,0.9869141,1,0
TEST_00021,8,2026-02-24 09:11:30.984165,16.02618103324395,68,UK,87,2024-04-12,5048.67974152594,0,9,1,0,0.7071067811865476,-0.7071067811865475,683,0.003174331083318054,1,0.0,0.0,0,0,0,60.11890405819694,38.487441922421304,-1.1456389244429628,-44.09272302495299,3,0.36011815,0,1
TEST_00153,8,2026-02-24 14:55:30.984165,77.35309164246404,158,TN,122,2024-04-12,17482.14760653352,1,14,1,0,-0.4999999999999997,-0.8660254037844388,683,0.004424690454710223,0,20640.0,9.935034668034257,0,1,0,60.11890405819694,38.487441922421304,0.4477871805856579,17.234187584267097,2,0.2426605,0,0
TEST_00020,8,2026-02-24 22:26:30.984165,86.97743949888283,148,DE,143,2024-04-12,9002.377849288143,0,22,1,0,-0.5000000000000004,0.8660254037844384,683,0.00966160729476163,1,27060.0,10.205848855956967,0,2,0,60.11890405819694,38.487441922421304,0.6978517438573049,26.85853544068589,0,0.25485966,0,1
TEST_00099,9,2026-02-24 14:55:30.984165,15.885597269808367,20,TN,51,2024-04-12,10686.557962822095,0,14,1,0,-0.4999999999999997,-0.8660254037844388,683,0.0014865027004086276,0,0.0,0.0,0,0,0,86.30598152028641,112.06246770725511,-0.62840288463405,-70.42038425047804,2,0.7699392,0,1
TEST_00086,9,2026-02-24 15:01:30.984165,215.5306607214589,108,DE,104,2024-04-12,13931.784777041295,1,15,1,0,-0.7071067811865471,-0.7071067811865479,683,0.015470427096795226,1,360.0,5.8888779583328805,1,1,0,86.30598152028641,112.06246770725511,1.153148510054818,129.22467920117248,0,0.7137398,0,0
TEST_00017,9,2026-02-24 16:33:30.984165,27.501686569591953,80,TN,145,2024-04-12,5706.745631371019,0,16,1,0,-0.8660254037844385,-0.5000000000000004,683,0.004819154093431146,0,5520.0,8.616314282284044,0,2,0,86.30598152028641,112.06246770725511,-0.524745625420768,-58.804294950694455,2,0.7111366,0,1
TEST_00185,10,2026-02-24 06:52:30.984165,41.017569286212115,142,FR,185,2024-04-12,17686.16722575437,0,6,1,0,1.0,6.123233995736766e-17,683,0.0023191892716293476,1,0.0,0.0,0,0,0,79.48054467523517,92.48032192360253,-0.4159043830075901,-38.46297538902305,1,0.08647344,0,1
TEST_00138,10,2026-02-24 08:14:30.984165,184.98520077256308,136,UK,11,2024-04-12,5894.570592707706,1,8,1,0,0.8660254037844387,-0.4999999999999998,683,0.03138230306401149,1,4920.0,8.501267040865978,0,1,0,79.48054467523517,92.48032192360253,1.1408334496948465,105.50465609732791,3,0.088854134,0,0
TEST_00060,10,2026-02-24 17:47:30.984165,12.438863966930324,6,US,108,2024-04-12,13287.876451174965,0,17,1,0,-0.9659258262890683,-0.25881904510252063,683,0.0009361062328232613,1,34380.0,10.445259365192133,0,2,0,79.48054467523517,92.48032192360253,-0.7249290666872561,-67.04168070830484,4,0.09732467,0,1
TEST_00045,11,2026-02-24 01:06:30.984165,9.77820365291551,161,DE,14,2024-04-12,17770.138180161823,0,1,1,0,0.25881904510252074,0.9659258262890683,683,0.00055026041743624,1,0.0,0.0,0,0,0,16.945218936273385,12.236791797081308,-0.5856935008187625,-7.167015283357875,0,0.6500685,0,1
TEST_00028,11,2026-02-24 08:12:30.984165,11.016138236849075,84,DE,76,2024-04-12,19465.443590111827,0,8,1,0,0.8660254037844387,-0.4999999999999998,683,0.000565933069331393,1,25560.0,10.148823031356836,0,1,0,16.945218936273385,12.236791797081308,-0.4845286209374168,-5.9290806994243095,0,0.6500686,0,1
TEST_00146,11,2026-02-24 10:25:30.984165,5.830188246507091,64,FR,59,2024-04-12,14938.753054871431,0,10,1,0,0.49999999999999994,-0.8660254037844387,683,0.0003902727506835588,1,7980.0,8.984818995876008,0,2,0,16.945218936273385,12.236791797081308,-0.9083280806605386,-11.115030689766293,1,0.47561434,0,1
TEST_00088,11,2026-02-24 15:22:30.984165,11.82528216980149,72,US,144,2024-04-12,8708.596062644894,0,15,1,0,-0.7071067811865471,-0.7071067811865479,683,0.0013578861718624741,1,17820.0,9.7881328161731,0,3,0,16.945218936273385,12.236791797081308,-0.4184048129056965,-5.119936766471895,4,0.07938308,0,1
TEST_00024,11,2026-02-24 17:34:30.984165,11.653624825949425,160,DE,178,2024-04-12,5008.578441919152,0,17,1,0,-0.9659258262890683,-0.25881904510252063,683,0.0023267330163814046,1,7920.0,8.97727273946428,0,4,0,16.945218936273385,12.236791797081308,-0.43243277108452455,-5.29159411032396,0,0.07317269,0,1
TEST_00105,11,2026-02-24 19:50:30.984165,30.08572650563063,97,TN,150,2024-04-12,17289.517614666278,0,19,1,0,-0.9659258262890684,0.2588190451025203,683,0.0017401137021954643,0,8160.0,9.007121989469242,0,5,0,16.945218936273385,12.236791797081308,1.0738514676679234,13.140507569357244,2,0.07468424,0,1
TEST_00004,11,2026-02-24 22:59:30.984165,38.427368916260484,66,US,57,2024-04-12,7332.192497176724,1,22,1,0,-0.5000000000000004,0.8660254037844384,683,0.005240911082334107,1,11340.0,9.33617975681533,0,6,0,16.945218936273385,12.236791797081308,1.7555363187390165,21.4821499799871,4,0.07660283,0,0
TEST_00064,12,2026-02-24 13:14:30.984165,45.264625002157786,3,UK,141,2024-04-12,18867.309428623186,0,13,1,0,-0.2588190451025208,-0.9659258262890683,683,0.0023991033365620114,1,0.0,0.0,0,0,0,29.506108275247296,22.28590807808009,0.7071064638979445,15.75851672691049,3,0.9627112,1,0
TEST_00134,12,2026-02-24 18:00:30.984165,13.747591548336805,11,UK,1,2024-04-12,11127.7635899004,1,18,1,0,-1.0,-1.8369701987210297e-16,683,0.0012354316693800156,1,17160.0,9.750394646402302,0,1,0,29.506108275247296,22.28590807808009,-0.7071064638979446,-15.758516726910491,3,0.9627112,1,1
TEST_00072,13,2026-02-24 07:51:30.984165,19.37868907314326,7,FR,0,2024-04-12,12798.805228498783,0,7,1,0,0.9659258262890683,-0.25881904510252063,683,0.0015141014123719308,1,0.0,0.0,0,0,0,17.229673051196148,4.587685122815596,0.46843043498239295,2.149016021947112,1,0.78739417,0,1
TEST_00176,13,2026-02-24 12:17:30.984165,20.348392006314995,140,FR,18,2024-04-12,8558.08552891362,0,12,1,0,1.2246467991473532e-16,-1.0,683,0.0023776803746080417,1,15960.0,9.677903525682558,0,1,0,17.229673051196148,4.587685122815596,0.6798008306194512,3.1187189551188474,1,0.7873912,0,1
TEST_00083,13,2026-02-24 22:56:30.984165,11.961938074130188,61,FR,71,2024-04-12,8659.766593676582,0,22,1,0,-0.5000000000000004,0.8660254037844384,683,0.0013813233814944704,1,38340.0,10.554275098679943,0,2,0,17.229673051196148,4.587685122815596,-1.148231265601844,-5.26773497706596,1,0.7603975,0,1
TEST_00116,14,2026-02-24 11:16:30.984165,51.8280933773256,130,US,63,2024-04-12,9194.87732056379,1,11,1,0,0.258819045102521,-0.9659258262890682,683,0.005636626957644686,1,0.0,0.0,0,0,0,28.858986555860444,23.91060991183318,0.9606236436428788,22.969106821465157,4,0.5574513,0,0
TEST_00051,14,2026-02-24 16:26:30.984165,30.64215206074962,37,UK,182,2024-04-12,10235.132524467726,1,16,1,0,-0.8660254037844385,-0.5000000000000004,683,0.0029938207431606414,1,18600.0,9.83097062169695,0,1,0,28.858986555860444,23.91060991183318,0.07457629753909899,1.7831655048891761,3,0.5284237,0,0
TEST_00014,14,2026-02-24 18:31:30.984165,4.106714229506117,145,US,36,2024-04-12,14831.5799794232,1,18,1,0,-1.0,-1.8369701987210297e-16,683,0.0002768898684566057,1,7500.0,8.922791623969637,0,2,0,28.858986555860444,23.91060991183318,-1.0351999411819774,-24.752272326354326,4,0.52844137,0,0
TEST_00168,15,2026-02-24 02:15:30.984165,15.714940499156153,68,TN,146,2024-04-12,14506.21743171187,0,2,1,0,0.49999999999999994,0.8660254037844387,683,0.0010833244829766516,0,0.0,0.0,0,0,0,107.83550475641627,80.15776586287285,-1.1492405230261402,-92.12056425726011,2,0.5585902,0,1
TEST_00009,15,2026-02-24 02:36:30.984165,123.20382101849061,60,US,86,2024-04-12,14535.266663966002,1,2,1,0,0.49999999999999994,0.8660254037844387,683,0.008476199568042462,1,1260.0,7.13966033596492,1,1,0,107.83550475641627,80.15776586287285,0.19172583191885414,15.368316262074345,4,0.663795,0,0
TEST_00122,15,2026-02-24 03:17:30.984165,81.67878600569078,120,UK,61,2024-04-12,6793.321118825792,0,3,1,0,0.7071067811865476,0.7071067811865476,683,0.012023395416910419,1,2460.0,7.8083230503910555,1,2,0,107.83550475641627,80.15776586287285,-0.3263154256609139,-26.15671875072549,3,0.7181337,0,1
TEST_00096,15,2026-02-24 08:28:30.984165,85.13007795365316,69,FR,5,2024-04-12,10832.85804869192,1,8,1,0,0.8660254037844387,-0.4999999999999998,683,0.007858505813609614,1,18660.0,9.834191063533472,0,3,0,107.83550475641627,80.15776586287285,-0.28325919174211667,-22.705426802763114,1,0.728444,0,0
TEST_00091,15,2026-02-24 12:14:30.984165,233.44989830509067,117,UK,135,2024-04-12,8209.29315658981,1,12,1,0,1.2246467991473532e-16,-1.0,683,0.028437271498544844,1,13560.0,9.514953305087944,0,4,0,107.83550475641627,80.15776586287285,1.567089308510317,125.6143935486744,3,0.72966707,0,0
TEST_00026,16,2026-02-24 01:08:30.984165,6.35350368766933,30,DE,183,2024-04-12,6181.355724370491,0,1,1,0,0.25881904510252074,0.9659258262890683,683,0.0010278495480562835,1,0.0,0.0,0,0,0,21.01346674355022,19.04728857918229,-0.7696610096669283,-14.65996305588089,0,0.88589203,1,0
TEST_00152,16,2026-02-24 04:34:30.984165,10.17542275045172,47,DE,2,2024-04-12,13283.771135805995,0,4,1,0,0.8660254037844386,0.5000000000000001,683,0.0007660040696594193,1,12360.0,9.422301633887823,0,1,0,21.01346674355022,19.04728857918229,-0.5690068829468512,-10.838043993098502,0,0.88016665,1,0
TEST_00090,16,2026-02-24 08:26:30.984165,22.133173565190575,52,US,174,2024-04-12,13102.283337776846,0,8,1,0,0.8660254037844387,-0.4999999999999998,683,0.0016892607948246418,1,13920.0,9.541153770388567,0,2,0,21.01346674355022,19.04728857918229,0.05878559717986122,1.119706821640353,4,0.7579594,0,1
TEST_00052,16,2026-02-24 11:46:30.984165,19.77892544798236,42,UK,81,2024-04-12,17506.174319597107,1,11,1,0,0.258819045102521,-0.9659258262890682,683,0.0011298256881768305,1,12000.0,9.392745258631441,0,3,0,21.01346674355022,19.04728857918229,-0.06481450849503412,-1.2345412955678619,3,0.76657325,0,0
TEST_00155,16,2026-02-24 14:45:30.984165,9.832061054057284,86,UK,67,2024-04-12,7859.155564218925,0,14,1,0,-0.4999999999999997,-0.8660254037844388,683,0.0012510327571095018,1,10740.0,9.281823473598047,0,4,0,21.01346674355022,19.04728857918229,-0.5870336753010023,-11.181405689492937,3,0.7632867,0,1
TEST_00047,16,2026-02-24 18:55:30.984165,57.80771395595007,95,TN,114,2024-04-12,6229.751082423132,0,18,1,0,-1.0,-1.8369701987210297e-16,683,0.009279297549953651,0,15000.0,9.61587214452889,0,5,0,21.01346674355022,19.04728857918229,1.9317304792299554,36.79424721239985,2,0.7694843,0,1
TEST_00006,17,2026-02-24 00:38:30.984165,97.4376625930587,121,FR,99,2024-04-12,6872.39244279814,0,0,1,0,0.0,1.0,683,0.014178128418025312,1,0.0,0.0,0,0,0,43.050680289970394,48.16926168960701,1.129080436456398,54.38698230308831,1,0.7266691,0,1
TEST_00101,17,2026-02-24 01:57:30.984165,13.188624493293158,76,TN,142,2024-04-12,13091.285718838006,0,1,1,0,0.25881904510252074,0.9659258262890683,683,0.0010074353869089486,0,4740.0,8.464003362902119,0,1,0,43.050680289970394,48.16926168960701,-0.6199399482122596,-29.862055796677236,2,0.72601813,0,1
TEST_00070,17,2026-02-24 05:15:30.984165,93.88713865122578,92,US,8,2024-04-12,6626.038208220667,1,5,1,0,0.9659258262890683,0.25881904510252074,683,0.014169423070145246,1,11880.0,9.382695764458287,0,2,0,43.050680289970394,48.16926168960701,1.055371123085173,50.83645836125539,4,0.83011156,1,1
TEST_00049,17,2026-02-24 12:40:30.984165,3.445123816116287,16,US,89,2024-04-12,9742.657944077811,0,12,1,0,1.2246467991473532e-16,-1.0,683,0.00035361231358948056,1,26700.0,10.192456296870509,0,3,0,43.050680289970394,48.16926168960701,-0.8222162196901015,-39.60555647385411,4,0.8927599,1,0
TEST_00016,17,2026-02-24 19:07:30.984165,7.294851896158015,67,DE,70,2024-04-12,10429.946655704163,0,19,1,0,-0.9659258262890684,0.2588190451025203,683,0.0006994141137019567,1,23220.0,10.05281232064669,0,4,0,43.050680289970394,48.16926168960701,-0.7422953916392107,-35.75582839381238,0,0.910035,1,0
TEST_00178,18,2026-02-23 23:26:30.984165,15.415032455144052,89,TN,177,2024-04-12,14096.097396147117,0,23,0,0,-0.25881904510252157,0.9659258262890681,682,0.001093567391167249,0,0.0,0.0,0,0,0,11.907510281492737,8.647921892961577,0.40559086462117444,3.5075221736513154,2,0.5852991,0,1
TEST_00038,18,2026-02-24 14:57:30.984165,5.321812554723262,33,TN,83,2024-04-12,17120.33367097554,0,14,1,0,-0.4999999999999997,-0.8660254037844388,683,0.00031084747861809747,0,55860.0,10.930621741236532,0,1,0,11.907510281492737,8.647921892961577,-0.7615344117279041,-6.5856977267694745,2,0.76782405,0,1
TEST_00117,18,2026-02-24 18:08:30.984165,6.242133071694438,1,DE,184,2024-04-12,7865.846352906483,0,18,1,0,-1.0,-1.8369701987210297e-16,683,0.0007935742438431851,1,11460.0,9.346705246496699,0,2,0,11.907510281492737,8.647921892961577,-0.6551135323358948,-5.665377209798299,0,0.7654403,0,1
TEST_00012,18,2026-02-24 21:00:30.984165,25.58387503460316,115,DE,40,2024-04-12,15269.213764848118,0,21,1,0,-0.7071067811865477,0.7071067811865474,683,0.0016755201301524014,1,10320.0,9.241935933565934,0,3,0,11.907510281492737,8.647921892961577,1.581460737941451,13.676364753110423,0,0.79687285,0,1
TEST_00033,18,2026-02-24 22:00:30.984165,6.974698291298778,78,UK,100,2024-04-12,6984.677730875375,0,22,1,0,-0.5000000000000004,0.8660254037844384,683,0.0009985712383647303,1,3600.0,8.188966863648876,0,4,0,11.907510281492737,8.647921892961577,-0.5704036584988258,-4.932811990193959,3,0.8025246,1,0
TEST_00043,19,2026-02-24 06:35:30.984165,34.755730212431914,163,TN,107,2024-04-12,16036.057681835651,1,6,1,0,1.0,6.123233995736766e-17,683,0.0021673487899585443,0,0.0,0.0,0,0,0,143.83924898310167,142.41751110343117,-0.7659417038402705,-109.08351877066976,2,0.1636695,0,0
TEST_00179,19,2026-02-24 07:01:30.984165,304.95650704591236,97,US,39,2024-04-12,14549.268170088379,0,7,1,0,0.9659258262890683,-0.25881904510252063,683,0.020960264356998232,1,1560.0,7.353081920515432,1,1,0,143.83924898310167,142.41751110343117,1.1313022219070838,161.1172580628107,4,0.625856,0,1
TEST_00151,19,2026-02-24 14:07:30.984165,91.80550969096076,146,FR,20,2024-04-12,5433.041636624948,1,14,1,0,-0.4999999999999997,-0.8660254037844388,683,0.016897626749643523,1,25560.0,10.148823031356836,0,2,0,143.83924898310167,142.41751110343117,-0.36536051806681313,-52.03373929214091,1,0.6262938,0,0
TEST_00130,20,2026-02-24 02:04:30.984165,4.260287170538807,33,TN,103,2024-04-12,16466.651679892915,0,2,1,0,0.49999999999999994,0.8660254037844387,683,0.00025872212841794394,0,0.0,0.0,0,0,0,36.799330525471866,49.107047220793646,-0.6626144020121589,-32.53904335493306,2,0.8978744,1,0
TEST_00081,20,2026-02-24 06:50:30.984165,93.28588938750231,132,UK,25,2024-04-12,5366.380815902395,1,6,1,0,1.0,6.123233995736766e-17,683,0.017383389771941787,1,17160.0,9.750394646402302,0,1,0,36.799330525471866,49.107047220793646,1.1502737500245088,56.48655886203044,3,0.90128344,1,1
TEST_00190,20,2026-02-24 21:19:30.984165,12.851815018374474,63,TN,24,2024-04-12,5680.2021652007315,0,21,1,0,-0.7071067811865477,0.7071067811865474,683,0.002262562958957695,0,52140.0,10.861706866436679,0,2,0,36.799330525471866,49.107047220793646,-0.48765934801234995,-23.947515507097393,2,0.91049695,1,0
TEST_00044,21,2026-02-24 01:07:30.984165,5.943017579802348,9,DE,91,2024-04-12,12542.755743792703,1,1,1,0,0.25881904510252074,0.9659258262890683,683,0.000473820721793414,1,0.0,0.0,0,0,0,15.254931988574185,19.269095178303164,-0.4832561928852289,-9.311914408771838,0,0.7452303,0,0
TEST_00100,21,2026-02-24 10:41:30.984165,6.533507183438986,123,FR,57,2024-04-12,16280.147353321772,1,10,1,0,0.49999999999999994,-0.8660254037844387,683,0.00040131744766461837,1,34440.0,10.447002994124777,0,1,0,15.254931988574185,19.269095178303164,-0.4526118221076215,-8.7214248051352,1,0.74351525,0,0
TEST_00161,21,2026-02-24 15:18:30.984165,44.127563229023075,119,FR,68,2024-04-12,19826.210029090435,0,15,1,0,-0.7071067811865471,-0.7071067811865479,683,0.0022257185394624567,1,16620.0,9.71842223507111,0,2,0,15.254931988574185,19.269095178303164,1.4983898304192769,28.87263124044889,1,0.7493676,0,1
TEST_00189,21,2026-02-24 19:59:30.984165,4.415639962032337,27,TN,119,2024-04-12,17357.830270856713,0,19,1,0,-0.9659258262890684,0.2588190451025203,683,0.00025438893531791625,0,16860.0,9.732758541777981,0,3,0,15.254931988574185,19.269095178303164,-0.5625218154264263,-10.839292026541848,2,0.74241143,0,1
TEST_00110,22,2026-02-23 23:35:30.984165,2.948300152261212,138,FR,160,2024-04-12,12353.025574856125,0,23,0,0,-0.25881904510252157,0.9659258262890681,682,0.0002386702864326864,1,0.0,0.0,0,0,0,26.684017099217396,32.044752392900804,-0.740705038031881,-23.735716946956185,1,0.165059,0,1
TEST_00005,22,2026-02-24 02:39:30.984165,15.892750201131355,12,FR,16,2024-04-12,10384.690707269427,0,2,1,0,0.49999999999999994,0.8660254037844387,683,0.0015304018818785051,1,11040.0,9.309370895439137,0,1,0,26.684017099217396,32.044752392900804,-0.33675602788918596,-10.791266898086041,1,0.1662131,0,1
TEST_00068,22,2026-02-24 08:40:30.984165,93.92100321105504,144,TN,185,2024-04-12,16599.899561605416,1,8,1,0,0.8660254037844387,-0.4999999999999998,683,0.005657925993015569,0,21660.0,9.983268687540978,0,2,0,26.684017099217396,32.044752392900804,2.0982207727879207,67.23698611183764,2,0.1821468,0,0
TEST_00157,22,2026-02-24 16:29:30.984165,32.26015640378616,38,TN,58,2024-04-12,15890.764739202988,0,16,1,0,-0.8660254037844385,-0.5000000000000004,683,0.0020301198169650953,0,28140.0,10.24498286663967,0,3,0,26.684017099217396,32.044752392900804,0.1740109424498059,5.576139304568766,2,0.81725407,1,0
TEST_00092,22,2026-02-24 17:41:30.984165,9.953725529065474,75,FR,10,2024-04-12,8102.515842716153,0,17,1,0,-0.9659258262890683,-0.25881904510252063,683,0.0012284734423584603,1,4320.0,8.371242135931933,0,4,0,26.684017099217396,32.044752392900804,-0.522091297324094,-16.73029157015192,1,0.78084713,0,1
TEST_00074,22,2026-02-24 20:26:30.984165,1.46265736730346,48,TN,138,2024-04-12,18500.70252645637,0,20,1,0,-0.8660254037844386,0.5000000000000001,683,7.905955815525551e-05,0,9900.0,9.200391041122515,0,5,0,26.684017099217396,32.044752392900804,-0.7870665234672319,-25.221359731913935,2,0.6504846,0,1
TEST_00165,22,2026-02-24 20:26:30.984165,30.349526829919085,116,FR,123,2024-04-12,6204.729808691735,0,20,1,0,-0.8660254037844386,0.5000000000000001,683,0.004891353494136801,1,0.0,0.0,0,5,0,26.684017099217396,32.044752392900804,0.11438717147466651,3.6655097307016895,1,0.5502114,0,1
TEST_00102,23,2026-02-24 06:49:30.984165,14.25753420983833,104,TN,151,2024-04-12,19359.284041645526,0,6,1,0,1.0,6.123233995736766e-17,683,0.0007364701183766736,0,0.0,0.0,0,0,0,34.52445753177017,28.66175782945159,-0.7071065344792314,-20.266923321931838,2,0.47732505,0,1
TEST_00067,23,2026-02-24 09:35:30.984165,54.79138085370201,134,UK,44,2024-04-12,5354.9665205217725,0,9,1,0,0.7071067811865476,-0.7071067811865475,683,0.010231881122641135,1,9960.0,9.206432747145165,0,1,0,34.52445753177017,28.66175782945159,0.7071065344792316,20.26692332193184,3,0.47732505,0,1
TEST_00195,24,2026-02-24 02:33:30.984165,97.31723144867698,114,US,101,2024-04-12,18525.44318636982,1,2,1,0,0.49999999999999994,0.8660254037844387,683,0.005253166170959871,1,0.0,0.0,0,0,0,274.3654241470805,581.2859409918717,-0.30458020256002927,-177.0481926984035,4,0.98799896,1,1
TEST_00125,24,2026-02-24 05:17:30.984165,1459.2581056178972,45,TN,137,2024-04-12,13012.026339014948,1,5,1,0,0.9659258262890683,0.25881904510252074,683,0.1121468760974217,0,9840.0,9.194312610898985,0,1,0,274.3654241470805,581.2859409918717,2.038398966032099,1184.8926814708166,2,0.98799896,1,1
TEST_00010,24,2026-02-24 11:17:30.984165,12.63640971943631,26,US,133,2024-04-12,19049.81881568741,0,11,1,0,0.258819045102521,-0.9659258262890682,683,0.000663334903166129,1,21600.0,9.980494888896912,0,2,0,274.3654241470805,581.2859409918717,-0.45025862741228373,-261.7290144276442,4,0.9959959,1,0
TEST_00183,24,2026-02-24 17:17:30.984165,32.540075279824705,82,US,163,2024-04-12,7468.166305531197,0,17,1,0,-0.9659258262890683,-0.25881904510252063,683,0.004357170682678067,1,21600.0,9.980494888896912,0,3,0,274.3654241470805,581.2859409918717,-0.4160178797623088,-241.8253488672558,4,0.9931351,1,0
TEST_00111,24,2026-02-24 20:51:30.984165,19.559989436509685,150,FR,136,2024-04-12,7294.867236407899,0,20,1,0,-0.8660254037844386,0.5000000000000001,683,0.002681335904084433,1,12840.0,9.460398455831275,0,4,0,274.3654241470805,581.2859409918717,-0.4383478291119646,-254.8054347105708,1,0.36793095,0,1
TEST_00192,24,2026-02-24 22:03:30.984165,24.880733380138118,159,DE,75,2024-04-12,13810.105183229112,0,22,1,0,-0.5000000000000004,0.8660254037844384,683,0.0018016324314714918,1,4320.0,8.371242135931933,0,5,0,274.3654241470805,581.2859409918717,-0.4291944271855127,-249.48469076694238,0,0.36793932,0,1
TEST_00066,25,2026-02-24 00:29:30.984165,18.69002349245128,141,FR,43,2024-04-12,7993.592450386279,0,0,1,0,0.0,1.0,683,0.0023381256435644417,1,0.0,0.0,0,0,0,18.642563470303916,0.06711860699133214,0.7070014450544754,0.04746002214736578,1,0.61138195,0,1
TEST_00172,25,2026-02-24 20:19:30.984165,18.59510344815655,113,UK,95,2024-04-12,18692.435240353323,0,20,1,0,-0.8660254037844386,0.5000000000000001,683,0.0009947929849190194,1,71400.0,11.17606715383184,0,1,0,18.642563470303916,0.06711860699133214,-0.7070014450544754,-0.04746002214736578,3,0.61138195,0,1
TEST_00097,26,2026-02-24 04:48:30.984165,26.07704100384132,137,FR,179,2024-04-12,6914.41695921741,0,4,1,0,0.8660254037844386,0.5000000000000001,683,0.003771401284829774,1,0.0,0.0,0,0,0,24.99688070398762,1.5275773455900934,0.7071021522742729,1.0801602998536985,1,0.15444712,0,1
TEST_00107,26,2026-02-24 05:56:30.984165,23.91672040413392,11,DE,131,2024-04-12,17458.574506704776,0,5,1,0,0.9659258262890683,0.25881904510252074,683,0.0013699125547133853,1,4080.0,8.314097335405807,0,1,0,24.99688070398762,1.5275773455900934,-0.7071021522742752,-1.080160299853702,0,0.15444712,0,1
TEST_00003,27,2026-02-24 06:41:30.984165,92.1142686059858,71,DE,57,2024-04-12,17141.4568501674,0,6,1,0,1.0,6.123233995736766e-17,683,0.005373771285086905,1,0.0,0.0,0,0,0,85.50074541784552,101.64295175960818,0.06506621878828821,6.613523188140277,0,0.3054389,0,1
TEST_00118,27,2026-02-24 15:50:30.984165,303.1519672239727,87,UK,131,2024-04-12,12141.396661762472,1,15,1,0,-0.7071067811865471,-0.7071067811865479,683,0.024968459203602567,1,32940.0,10.40247336149791,0,1,0,85.50074541784552,101.64295175960818,2.1413309690924356,217.65122180612718,3,0.2629844,0,0
TEST_00095,27,2026-02-24 17:32:30.984165,4.64822325957712,122,DE,154,2024-04-12,14048.78883411862,0,17,1,0,-0.9659258262890683,-0.25881904510252063,683,0.0003308629173988674,1,6120.0,8.71948076085107,0,2,0,85.50074541784552,101.64295175960818,-0.7954561807190306,-80.8525221582684,0,0.25849664,0,1
TEST_00164,27,2026-02-24 21:30:30.984165,52.63472795886532,164,UK,12,2024-04-12,12042.35901477098,0,21,1,0,-0.7071067811865477,0.7071067811865474,683,0.004370798769103656,1,14280.0,9.566685261452934,0,3,0,85.50074541784552,101.64295175960818,-0.32334769560051135,-32.8660174589802,3,0.1970738,0,1
TEST_00193,27,2026-02-24 21:31:30.984165,5.779176631780021,14,FR,113,2024-04-12,11121.738285465508,0,21,1,0,-0.7071067811865477,0.7071067811865474,683,0.0005196289000373766,1,60.0,4.110873864173311,1,4,0,85.50074541784552,101.64295175960818,-0.7843294548481565,-79.7215687860655,1,0.20995846,0,1
TEST_00076,27,2026-02-24 21:51:30.984165,62.2134119282455,156,FR,129,2024-04-12,16222.01840238335,1,21,1,0,-0.7071067811865477,0.7071067811865474,683,0.003835121523416905,1,1200.0,7.0909098220799835,2,5,0,85.50074541784552,101.64295175960818,-0.22910915902545215,-23.287333489600023,1,0.20995463,0,0
TEST_00065,27,2026-02-24 22:01:30.984165,77.96344231649218,144,UK,53,2024-04-12,7387.967644710969,0,22,1,0,-0.5000000000000004,0.8660254037844384,683,0.010552759035471149,1,600.0,6.398594934535208,3,6,0,85.50074541784552,101.64295175960818,-0.07415469768757356,-7.537303101353345,3,0.19408593,0,1
TEST_00059,28,2026-02-24 18:18:30.984165,53.279152902165286,0,TN,13,2024-04-12,19175.764085699586,0,18,1,0,-1.0,-1.8369701987210297e-16,683,0.0027784630987350567,0,0.0,0.0,0,0,0,57.967003714539146,6.6296221972408516,-0.7071057146013122,-4.68785081237386,2,0.7918057,0,1
TEST_00078,28,2026-02-24 18:57:30.984165,62.65485452691301,97,US,90,2024-04-12,11626.790252569295,1,18,1,0,-1.0,-1.8369701987210297e-16,683,0.005388835023756235,1,2340.0,7.75833346749091,1,1,0,57.967003714539146,6.6296221972408516,0.7071057146013133,4.687850812373867,4,0.7918057,0,0
TEST_00119,29,2026-02-23 23:45:30.984165,42.60335613512319,12,US,42,2024-04-12,11066.01693016892,0,23,0,0,-0.25881904510252157,0.9659258262890681,682,0.0038499268891388602,1,0.0,0.0,0,0,0,22.74089051540958,15.657805890513702,1.2685336038308703,19.862465619713614,4,0.2892792,0,1
TEST_00169,29,2026-02-24 04:50:30.984165,9.45235423279394,117,US,176,2024-04-12,5434.208740963521,0,4,1,0,0.8660254037844386,0.5000000000000001,683,0.0017394168467510828,1,18300.0,9.814710982145282,0,1,0,22.74089051540958,15.657805890513702,-0.8486839017353951,-13.288536282615638,4,0.33392614,0,1
TEST_00030,29,2026-02-24 16:49:30.984165,11.004380136535671,73,TN,48,2024-04-12,8370.46005547336,0,16,1,0,-0.8660254037844385,-0.5000000000000004,683,0.001314668496546975,0,43140.0,10.672229100017557,0,2,0,22.74089051540958,15.657805890513702,-0.7495624205151422,-11.736510378873907,2,0.5860706,0,1
TEST_00087,29,2026-02-24 20:04:30.984165,27.903471557185508,133,DE,78,2024-04-12,17458.537545821226,0,20,1,0,-0.8660254037844386,0.5000000000000001,683,0.00159827084507799,1,11700.0,9.367429587218957,0,3,0,22.74089051540958,15.657805890513702,0.3297127184196669,5.16258104177593,0,0.5915152,0,1
TEST_00136,30,2026-02-24 01:35:30.984165,9.177425398928698,114,UK,180,2024-04-12,8968.319384883494,0,1,1,0,0.25881904510252074,0.9659258262890683,683,0.0010233160757407527,1,0.0,0.0,0,0,0,58.401846031533715,83.39550242096385,-0.5902526311503429,-49.22442063260502,3,0.24105556,0,1
TEST_00197,30,2026-02-24 02:17:30.984165,23.423156005540495,107,UK,121,2024-04-12,14592.393777945557,0,2,1,0,0.49999999999999994,0.8660254037844387,683,0.0016051620016546873,1,2520.0,7.83241092718792,1,1,0,58.401846031533715,83.39550242096385,-0.41943132202878963,-34.97869002599322,3,0.51161414,0,1
TEST_00042,30,2026-02-24 08:54:30.984165,17.891964789315043,66,DE,126,2024-04-12,15776.12412944489,0,8,1,0,0.8660254037844387,-0.4999999999999998,683,0.0011341166336236606,1,23820.0,10.078322823556219,0,2,0,58.401846031533715,83.39550242096385,-0.4857561284321019,-40.50988124221867,0,0.8084891,1,0
TEST_00174,30,2026-02-24 08:59:30.984165,26.487973487778703,110,DE,27,2024-04-12,6107.928504243095,0,8,1,0,0.8660254037844387,-0.4999999999999998,683,0.004336654148681974,1,300.0,5.707110264748875,1,3,0,58.401846031533715,83.39550242096385,-0.3826809335094696,-31.913872543755012,0,0.8099551,1,0
TEST_00113,30,2026-02-24 14:02:30.984165,235.8608735854196,135,DE,54,2024-04-12,9834.568744716773,0,14,1,0,-0.4999999999999997,-0.8660254037844388,683,0.023982838465807295,1,18180.0,9.808132371719273,0,4,0,58.401846031533715,83.39550242096385,2.127920584720533,177.45902755388587,0,0.81974125,1,0
TEST_00019,30,2026-02-24 17:13:30.984165,4.892465157581653,34,DE,168,2024-04-12,19136.462920697148,0,17,1,0,-0.9659258262890683,-0.25881904510252063,683,0.0002556619359521336,1,11460.0,9.346705246496699,0,5,0,58.401846031533715,83.39550242096385,-0.6416338160241455,-53.50938087395206,0,0.8454907,1,0
TEST_00173,30,2026-02-24 20:56:30.984165,91.07906379617184,35,FR,50,2024-04-12,15002.61075899721,1,20,1,0,-0.8660254037844386,0.5000000000000001,683,0.006070880945941415,1,13380.0,9.50159106930499,0,6,0,58.401846031533715,83.39550242096385,0.3918342464243168,32.67721776463812,1,0.9260219,1,1
TEST_00094,31,2026-02-23 23:22:30.984165,13.570412168155212,157,US,60,2024-04-12,16302.126875890788,0,23,0,0,-0.25881904510252157,0.9659258262890681,682,0.0008324320054351001,1,0.0,0.0,0,0,0,156.3444114635468,232.9098429332203,-0.6130011139388235,-142.7739992953916,4,0.3143806,0,1
TEST_00135,31,2026-02-24 09:06:30.984165,94.62620110734356,5,UK,59,2024-04-12,15604.337448185499,0,9,1,0,0.7071067811865476,-0.7071067811865475,683,0.00606409605159794,1,35040.0,10.464274083455889,0,1,0,156.3444114635468,232.9098429332203,-0.26498754594937224,-61.718210356203244,3,0.29817256,0,1
TEST_00184,31,2026-02-24 09:14:30.984165,16.063300768010322,122,US,155,2024-04-12,6727.545611746391,0,9,1,0,0.7071067811865476,-0.7071067811865475,683,0.0023876910979189155,1,480.0,6.175867270105761,1,2,0,156.3444114635468,232.9098429332203,-0.6022978801835307,-140.28111069553648,4,0.13188228,0,1
TEST_00082,31,2026-02-24 20:01:30.984165,501.1177318106781,139,TN,88,2024-04-12,11216.615164965791,1,20,1,0,-0.8660254037844386,0.5000000000000001,683,0.04467637735989014,0,38820.0,10.566716616308788,0,3,0,156.3444114635468,232.9098429332203,1.4802865400717264,344.7733203471313,2,0.20319732,0,0
TEST_00145,32,2026-02-24 02:16:30.984165,43.8959856030202,76,US,73,2024-04-12,9999.62590497638,0,2,1,0,0.49999999999999994,0.8660254037844387,683,0.004389762779143075,1,0.0,0.0,0,0,0,88.99131340568039,94.211676649107,-0.4786595952858639,-45.09532780266019,4,0.8079739,1,0
TEST_00191,32,2026-02-24 03:07:30.984165,197.27490078610916,13,UK,173,2024-04-12,13063.199088237887,1,3,1,0,0.7071067811865476,0.7071067811865476,683,0.015101576532178524,1,3060.0,8.026496938945412,1,1,0,88.99131340568039,94.211676649107,1.149364704441953,108.28358738042877,3,0.84895915,1,1
TEST_00150,32,2026-02-24 20:30:30.984165,25.803053827911825,70,TN,34,2024-04-12,9005.843574093986,0,20,1,0,-0.8660254037844386,0.5000000000000001,683,0.0028651456818699727,0,62580.0,11.044216996641383,0,2,0,88.99131340568039,94.211676649107,-0.6707051091560889,-63.18825957776856,2,0.86737275,1,0
TEST_00069,33,2026-02-24 12:48:30.984165,10.536866947796401,111,DE,62,2024-04-12,19088.557104870735,0,12,1,0,1.2246467991473532e-16,-1.0,683,0.0005519991317262927,1,0.0,0.0,0,0,0,52.51232432305134,79.54056258858147,-0.5277238522328762,-41.97545737525493,0,0.37590462,0,1
TEST_00079,33,2026-02-24 15:19:30.984165,2.752283925628072,129,UK,124,2024-04-12,6271.933050876826,0,15,1,0,-0.7071067811865471,-0.7071067811865479,683,0.0004388254631071513,1,9060.0,9.11173476822206,0,1,0,52.51232432305134,79.54056258858147,-0.6255931882060228,-49.76004039742327,3,0.34916162,0,1
TEST_00002,33,2026-02-24 19:42:30.984165,144.24782209572956,4,DE,33,2024-04-12,15740.294193836053,1,19,1,0,-0.9659258262890684,0.2588190451025203,683,0.009164239265122342,1,15780.0,9.666561963748133,0,2,0,52.51232432305134,79.54056258858147,1.1533170404388995,91.73549777267823,0,0.3394332,0,0
TEST_00085,34,2026-02-24 15:01:30.984165,12.16110758174814,9,DE,49,2024-04-12,18762.0502168316,0,15,1,0,-0.7071067811865471,-0.7071067811865479,683,0.000648175835860321,1,0.0,0.0,0,0,0,35.96081596174312,33.657870371513496,-0.7071065711000023,-23.799708379994982,0,0.9336048,1,0
TEST_00112,34,2026-02-24 21:22:30.984165,59.7605243417381,39,DE,158,2024-04-12,18794.264853541506,1,21,1,0,-0.7071067811865477,0.7071067811865474,683,0.0031797213036761636,1,22860.0,10.03718768092397,0,1,0,35.96081596174312,33.657870371513496,0.7071065711000021,23.799708379994975,0,0.9336048,1,1
TEST_00167,35,2026-02-24 00:23:30.984165,133.85979987696663,98,TN,46,2024-04-12,14467.415252819608,0,0,1,0,0.0,1.0,683,0.009252502782131604,0,0.0,0.0,0,0,0,59.46088989035928,64.60764032672228,1.151549539572643,74.39890998660735,2,0.93686086,1,0
TEST_00001,35,2026-02-24 02:08:30.984165,17.49186120639589,93,FR,6,2024-04-12,5446.958291571055,0,2,1,0,0.49999999999999994,0.8660254037844387,683,0.0032113080861044647,1,6300.0,8.748463629942055,0,1,0,59.46088989035928,64.60764032672228,-0.6495984372086759,-41.969028683963394,1,0.92115384,1,0
TEST_00149,35,2026-02-24 14:56:30.984165,27.031008587715327,65,TN,32,2024-04-12,12776.590886910932,0,14,1,0,-0.4999999999999997,-0.8660254037844388,683,0.0021156667554728887,0,46080.0,10.73815599652319,0,2,0,59.46088989035928,64.60764032672228,-0.5019511023639669,-32.429881302643956,2,0.91538167,1,0
TEST_00055,36,2026-02-24 04:28:30.984165,220.72557297782495,40,US,111,2024-04-12,8159.444822104146,1,4,1,0,0.8660254037844386,0.5000000000000001,683,0.027051543063306673,1,0.0,0.0,0,0,0,129.72660748885482,128.69197115642282,0.707106726240872,90.99896548897013,4,0.5807947,0,0
TEST_00159,36,2026-02-24 17:42:30.984165,38.727641999884675,59,FR,181,2024-04-12,9826.660253435562,0,17,1,0,-0.9659258262890683,-0.25881904510252063,683,0.003941078759321597,1,47640.0,10.771449014012997,0,1,0,129.72660748885482,128.69197115642282,-0.7071067262408722,-90.99896548897016,1,0.5807947,0,1
TEST_00177,37,2026-02-24 09:15:30.984165,85.93009158700845,118,US,3,2024-04-12,19669.167268652942,0,9,1,0,0.7071067811865476,-0.7071067811865475,683,0.004368771204867253,1,0.0,0.0,0,0,0,40.74411255658577,28.59424479121854,1.5802467789543357,45.18597903042268,4,0.7301874,0,1
TEST_00077,37,2026-02-24 09:26:30.984165,34.86519223317801,62,DE,164,2024-04-12,5006.089095459313,1,9,1,0,0.7071067811865476,-0.7071067811865475,683,0.006964556876305273,1,660.0,6.493753839851686,1,1,0,40.74411255658577,28.59424479121854,-0.2055979554750702,-5.878920323407762,0,0.7310757,0,0
TEST_00048,37,2026-02-24 17:00:30.984165,28.321416622870096,49,US,35,2024-04-12,15045.889621547438,0,17,1,0,-0.9659258262890683,-0.25881904510252063,683,0.0018823357963699656,1,27240.0,10.212478470309156,0,2,0,40.74411255658577,28.59424479121854,-0.43444727006946704,-12.422695933715673,4,0.7121219,0,1
TEST_00034,37,2026-02-24 18:50:30.984165,45.7204148275151,77,UK,152,2024-04-12,12094.594144168906,0,18,1,0,-1.0,-1.8369701987210297e-16,683,0.0037802355566894327,1,6600.0,8.79497643168877,0,3,0,40.74411255658577,28.59424479121854,0.17403154260406123,4.976302270929331,3,0.7079705,0,1
TEST_00171,37,2026-02-24 22:26:30.984165,8.883447512357208,128,UK,29,2024-04-12,7626.040325943568,0,22,1,0,-0.5000000000000004,0.8660254037844384,683,0.0011648833644553355,1,12960.0,9.469700127423375,0,4,0,40.74411255658577,28.59424479121854,-1.1142330960138593,-31.86066504422856,3,0.7075533,0,1
TEST_00175,38,2026-02-24 09:22:30.984165,45.93297409586026,103,FR,130,2024-04-12,8751.473366115519,0,9,1,0,0.7071067811865476,-0.7071067811865475,683,0.005248598970055295,1,0.0,0.0,0,0,0,55.53887719649504,59.37741530688092,-0.16177702301823452,-9.605903100634777,1,0.641802,0,1
TEST_00132,38,2026-02-24 13:48:30.984165,6.942738451721143,46,DE,115,2024-04-12,5903.454565588113,0,13,1,0,-0.2588190451025208,-0.9659258262890683,683,0.0011760467323982012,1,15960.0,9.677903525682558,0,1,0,55.53887719649504,59.37741530688092,-0.8184278535759003,-48.596138744773896,0,0.75199544,0,1
TEST_00124,38,2026-02-24 17:04:30.984165,131.66826833128178,96,US,17,2024-04-12,17489.42544990602,1,17,1,0,-0.9659258262890683,-0.25881904510252063,683,0.0075284501888533625,1,11760.0,9.372544251851037,0,2,0,55.53887719649504,59.37741530688092,1.282126847725823,76.12939113478674,4,0.83658576,1,1
TEST_00031,38,2026-02-24 18:04:30.984165,128.03173776949376,28,DE,41,2024-04-12,5107.862584776403,0,18,1,0,-1.0,-1.8369701987210297e-16,683,0.025065619061695715,1,3600.0,8.188966863648876,0,3,0,55.53887719649504,59.37741530688092,1.2208825188753667,72.49286057299872,0,0.5686978,0,1
TEST_00158,38,2026-02-24 21:41:30.984165,6.102487669986714,79,UK,85,2024-04-12,13078.708665558104,0,21,1,0,-0.7071067811865477,0.7071067811865474,683,0.00046659711031389535,1,13020.0,9.474318717728728,0,4,0,55.53887719649504,59.37741530688092,-0.8325788676589756,-49.43638952650832,3,0.54561365,0,1
TEST_00137,38,2026-02-24 21:44:30.984165,14.555056860626584,131,UK,77,2024-04-12,6721.644536915686,0,21,1,0,-0.7071067811865477,0.7071067811865474,683,0.0021654011575127654,1,180.0,5.198497031265826,1,5,0,55.53887719649504,59.37741530688092,-0.6902256223480788,-40.98382033586845,3,0.5455031,0,1
TEST_00141,39,2026-02-24 00:31:30.984165,74.22809774351968,149,FR,140,2024-04-12,9834.8237503745,0,0,1,0,0.0,1.0,683,0.007547476154892267,1,0.0,0.0,0,0,0,30.900368781087366,37.6740075711044,1.1500692454861585,43.32772896243232,1,0.41130024,0,1
TEST_00139,39,2026-02-24 18:35:30.984165,5.865781278599024,152,US,82,2024-04-12,6865.304872620623,0,18,1,0,-1.0,-1.8369701987210297e-16,683,0.0008544094380997152,1,65040.0,11.082773119257247,0,1,0,30.900368781087366,37.6740075711044,-0.6645053837233867,-25.034587502488343,4,0.40396225,0,1
TEST_00011,39,2026-02-24 20:50:30.984165,12.607227321143387,19,DE,139,2024-04-12,8672.163877271392,0,20,1,0,-0.8660254037844386,0.5000000000000001,683,0.0014537579662424601,1,8100.0,8.999742789830492,0,2,0,30.900368781087366,37.6740075711044,-0.48556386176277194,-18.29314145994398,0,0.39900136,0,1
TEST_00131,40,2026-02-24 06:52:30.984165,21.510968649942352,125,DE,65,2024-04-12,11757.716973331313,0,6,1,0,1.0,6.123233995736766e-17,683,0.0018295191744054757,1,0.0,0.0,0,0,0,29.2695196059479,10.97224798634579,-0.7071061367368979,-7.758550956005546,0,0.6372373,0,1
TEST_00053,40,2026-02-24 21:29:30.984165,37.02807056195345,84,TN,128,2024-04-12,17256.562026731925,0,21,1,0,-0.7071067811865477,0.7071067811865474,683,0.0021457385604730377,0,52620.0,10.870870558594627,0,1,0,29.2695196059479,10.97224798634579,0.7071061367368983,7.75855095600555,2,0.6372373,0,1
TEST_00018,41,2026-02-24 04:37:30.984165,13.984700165712907,128,FR,110,2024-04-12,5952.915592279357,1,4,1,0,0.8660254037844386,0.5000000000000001,683,0.0023492186221908446,1,0.0,0.0,0,0,0,11.646989682314734,5.998164190647089,0.389737011479818,2.3377104833981726,1,0.4076858,0,0
TEST_00023,41,2026-02-24 09:21:30.984165,4.831958218620909,137,DE,112,2024-04-12,7983.666526470995,0,9,1,0,0.7071067811865476,-0.7071067811865475,683,0.0006052304668036743,1,17040.0,9.743377484107393,0,1,0,11.646989682314734,5.998164190647089,-1.1361843199419677,-6.815031463693825,0,0.3982554,0,1
TEST_00080,41,2026-02-24 20:18:30.984165,16.124310662610384,52,TN,159,2024-04-12,19279.99493678713,0,20,1,0,-0.8660254037844386,0.5000000000000001,683,0.0008363233867787199,0,39420.0,10.58205394821854,0,2,0,11.646989682314734,5.998164190647089,0.7464473084621492,4.47732098029565,2,0.36213475,0,1
TEST_00162,42,2026-02-24 04:21:30.984165,63.98160236628146,81,TN,21,2024-04-12,12534.367251994488,0,4,1,0,0.8660254037844386,0.5000000000000001,683,0.005104493994788656,0,0.0,0.0,0,0,0,33.82497078462699,27.11741741399674,1.1120756818579711,30.156631581654466,2,0.7007568,0,1
TEST_00144,42,2026-02-24 14:15:30.984165,26.046484165856043,151,US,31,2024-04-12,19954.182123988452,0,14,1,0,-0.4999999999999997,-0.8660254037844388,683,0.001305314545292416,1,35640.0,10.481251939552509,0,1,0,33.82497078462699,27.11741741399674,-0.28684456309288614,-7.778486618770948,4,0.688691,0,1
TEST_00015,42,2026-02-24 14:49:30.984165,11.446825821743476,17,US,23,2024-04-12,8699.412615409752,0,14,1,0,-0.4999999999999997,-0.8660254037844388,683,0.0013158159438795992,1,2040.0,7.621195162809845,1,2,0,33.82497078462699,27.11741741399674,-0.825231118765085,-22.378144962883518,4,0.68532205,0,1
TEST_00062,43,2026-02-24 02:40:30.984165,6.643673350740028,54,DE,171,2024-04-12,18120.690853116368,0,2,1,0,0.49999999999999994,0.8660254037844387,683,0.0003666346611502099,1,0.0,0.0,0,0,0,92.92395386700377,100.59256463971586,-0.8577201729380793,-86.28028051626374,0,0.77013445,0,1
TEST_00054,43,2026-02-24 02:42:30.984165,256.3386145994098,155,UK,52,2024-04-12,6731.430056286533,1,2,1,0,0.49999999999999994,0.8660254037844387,683,0.03808085539862563,1,120.0,4.795790545596741,1,1,0,92.92395386700377,100.59256463971586,1.6245201131166478,163.41466073240605,3,0.84166735,1,1
TEST_00104,43,2026-02-24 03:04:30.984165,42.86567685956541,88,UK,90,2024-04-12,15491.974568692262,1,3,1,0,0.7071067811865476,0.7071067811865476,683,0.0027669601876440385,1,1320.0,7.186144304522325,2,2,0,92.92395386700377,100.59256463971586,-0.49763391767958987,-50.05827700743836,3,0.8330922,1,1
TEST_00115,43,2026-02-24 12:06:30.984165,27.154623928849094,53,TN,94,2024-04-12,17764.292544686887,0,12,1,0,1.2246467991473532e-16,-1.0,683,0.0015286071123035382,0,32520.0,10.389641313496469,0,3,0,92.92395386700377,100.59256463971586,-0.6538189341878888,-65.76932993815468,2,0.8569509,1,0
TEST_00075,43,2026-02-24 13:06:30.984165,45.69105311181044,50,FR,132,2024-04-12,9434.828037889205,0,13,1,0,-0.2588190451025208,-0.9659258262890683,683,0.0048428071956712225,1,3600.0,8.188966863648876,0,4,0,92.92395386700377,100.59256463971586,-0.46954659351710126,-47.232900755193334,1,0.7875492,0,1
TEST_00120,43,2026-02-24 19:01:30.984165,178.85008135164787,57,FR,102,2024-04-12,12963.828967186517,1,19,1,0,-0.9659258262890684,0.2588190451025203,683,0.013796084613916572,1,21300.0,9.966509298952284,0,5,0,92.92395386700377,100.59256463971586,0.8541995052060117,85.9261274846441,1,0.86508447,1,1
TEST_00143,44,2026-02-24 08:21:30.984165,24.158441379128462,91,TN,148,2024-04-12,16344.032456188357,0,8,1,0,0.8660254037844387,-0.4999999999999998,683,0.001478120007647276,0,0.0,0.0,0,0,0,42.42255322261863,33.09205106452732,-0.5519182322272512,-18.26411184349017,2,0.39336,0,1
TEST_00166,44,2026-02-24 17:22:30.984165,45.698257130945834,60,US,117,2024-04-12,15780.761378344745,0,17,1,0,-0.9659258262890683,-0.25881904510252063,683,0.0028958208058107748,1,32460.0,10.38779464774131,0,1,0,42.42255322261863,33.09205106452732,0.09898760617961501,3.275703908327202,4,0.41127935,0,1
TEST_00056,44,2026-02-24 20:48:30.984165,8.677925277545338,140,US,97,2024-04-12,12327.977782240649,0,20,1,0,-0.8660254037844386,0.5000000000000001,683,0.0007039212294855465,1,12360.0,9.422301633887823,0,2,0,42.42255322261863,33.09205106452732,-1.0197197412174934,-33.74462794507329,4,0.40502104,0,1
TEST_00180,44,2026-02-24 21:40:30.984165,37.54977355746786,112,UK,118,2024-04-12,6457.458947234269,0,21,1,0,-0.7071067811865477,0.7071067811865474,683,0.005814945764935979,1,3120.0,8.045908742270779,1,3,0,42.42255322261863,33.09205106452732,-0.14724920444360284,-4.872779665150773,3,0.40727752,0,1
TEST_00073,44,2026-02-24 22:03:30.984165,96.02836876800566,23,US,80,2024-04-12,6049.607166894652,0,22,1,0,-0.5000000000000004,0.8660254037844384,683,0.015873488330532107,1,1380.0,7.2305631534092925,1,4,0,42.42255322261863,33.09205106452732,1.6198995717087326,53.60581554538703,4,0.43125036,0,1
TEST_00160,45,2026-02-24 07:19:30.984165,12.654052184372555,90,FR,45,2024-04-12,17840.194639810674,1,7,1,0,0.9659258262890683,-0.25881904510252063,683,0.0007093001191889936,1,0.0,0.0,0,0,0,39.40474502278789,36.00701206043812,-0.7429298872179446,-26.75069283841534,1,0.33869576,0,0
TEST_00108,45,2026-02-24 09:27:30.984165,80.34465641260778,139,DE,157,2024-04-12,6815.825976009726,1,9,1,0,0.7071067811865476,-0.7071067811865475,683,0.011787955956534698,1,7680.0,8.946505025998682,0,1,0,39.40474502278789,36.00701206043812,1.136997981146618,40.93991138981988,0,0.2860649,0,0
TEST_00140,45,2026-02-24 12:54:30.984165,25.215526471383335,157,US,96,2024-04-12,13099.72343897021,0,12,1,0,1.2246467991473532e-16,-1.0,683,0.001924889986331312,1,12420.0,9.427143867544194,0,2,0,39.40474502278789,36.00701206043812,-0.3940680939286737,-14.189218551404558,4,0.28603482,0,1
TEST_00008,46,2026-02-24 01:32:30.984165,12.560106170442673,8,UK,149,2024-04-12,9340.819454031607,0,1,1,0,0.25881904510252074,0.9659258262890683,683,0.0013446471406768903,1,0.0,0.0,0,0,0,19.742785318798855,10.157842265779745,-0.707106085068153,-7.182679148356183,3,0.88366246,1,0
TEST_00154,46,2026-02-24 09:07:30.984165,26.925464467155038,83,US,74,2024-04-12,17520.859183650417,0,9,1,0,0.7071067811865476,-0.7071067811865475,683,0.0015367662159102634,1,27300.0,10.214678610538817,0,1,0,19.742785318798855,10.157842265779745,0.707106085068153,7.182679148356183,4,0.88366246,1,0
TEST_00036,47,2026-02-24 01:00:30.984165,24.750943141223434,109,TN,9,2024-04-12,11039.319231534031,0,1,1,0,0.25881904510252074,0.9659258262890683,683,0.002242071510217938,0,0.0,0.0,0,0,0,46.582229776986146,40.67078587104908,-0.5367804137637493,-21.831286635762712,2,0.14098473,0,1
TEST_00022,47,2026-02-24 08:09:30.984165,21.488721254826878,165,DE,147,2024-04-12,7679.778207951971,0,8,1,0,0.8660254037844387,-0.4999999999999998,683,0.0027980913866205845,1,25740.0,10.155840330434325,0,1,0,46.582229776986146,40.67078587104908,-0.616990840349444,-25.09350852215927,0,0.09132396,0,1
TEST_00071,47,2026-02-24 09:52:30.984165,93.50702493490813,69,DE,98,2024-04-12,6734.686760439957,0,9,1,0,0.7071067811865476,-0.7071067811865475,683,0.013884391102519458,1,6180.0,8.729235349659273,0,2,0,46.582229776986146,40.67078587104908,1.1537712541131935,46.924795157921984,0,0.089677885,0,1
TEST_00156,48,2026-02-24 03:49:30.984165,129.77140910164957,144,TN,56,2024-04-12,16590.126990155077,0,3,1,0,0.7071067811865476,0.7071067811865476,683,0.007822207098152931,0,0.0,0.0,0,0,0,40.65216108081023,59.669350486840685,1.4935512513242613,89.11924802083934,2,0.08568633,0,1
TEST_00063,48,2026-02-24 04:26:30.984165,6.072639632823009,153,UK,169,2024-04-12,7437.52650650658,0,4,1,0,0.8660254037844386,0.5000000000000001,683,0.0008164864525202666,1,2220.0,7.7057128238944275,1,1,0,40.65216108081023,59.669350486840685,-0.5795188881840503,-34.57952144798722,3,0.08549502,0,1
TEST_00121,48,2026-02-24 17:57:30.984165,8.089869057410736,51,US,134,2024-04-12,11806.178942797676,0,17,1,0,-0.9659258262890683,-0.25881904510252063,683,0.0006852233137077713,1,48660.0,10.792633166886727,0,2,0,40.65216108081023,59.669350486840685,-0.5457121001084081,-32.56229202339949,4,0.08728996,0,1
TEST_00187,48,2026-02-24 22:06:30.984165,18.6747265313576,36,DE,66,2024-04-12,17336.259518401614,0,22,1,0,-0.5000000000000004,0.8660254037844384,683,0.0010772062169198187,1,14940.0,9.611864390851085,0,3,0,40.65216108081023,59.669350486840685,-0.36832026303180293,-21.97743454945263,0,0.08667871,0,1
TEST_00040,49,2026-02-24 07:14:30.984165,165.28972943104588,18,FR,93,2024-04-12,12220.376269565593,1,7,1,0,0.9659258262890683,-0.25881904510252063,683,0.013525747962662493,1,0.0,0.0,0,0,0,40.086317605594346,70.1090217311906,1.7858385536616985,125.20341182545154,1,0.9920657,1,1
TEST_00147,49,2026-02-24 17:56:30.984165,5.363106547323179,6,FR,15,2024-04-12,9717.75735755252,0,17,1,0,-0.9659258262890683,-0.25881904510252063,683,0.0005518872667833221,1,38520.0,10.558958826115072,0,1,0,40.086317605594346,70.1090217311906,-0.49527443470344296,-34.72321105827117,1,0.9842316,1,0
TEST_00199,49,2026-02-24 18:05:30.984165,9.831038290534442,25,DE,37,2024-04-12,17195.794716815886,1,18,1,0,-1.0,-1.8369701987210297e-16,683,0.0005717117732814409,1,540.0,6.293419278846481,1,2,0,40.086317605594346,70.1090217311906,-0.43154610137911403,-30.2552793150599,0,0.9757622,1,1
TEST_00029,49,2026-02-24 22:42:30.984165,15.003841228318247,24,US,70,2024-04-12,19927.24034991342,0,22,1,0,-0.5000000000000004,0.8660254037844384,683,0.0007529312119921029,1,16620.0,9.71842223507111,0,3,0,40.086317605594346,70.1090217311906,-0.357763839521367,-25.082476377276098,4,0.97120935,1,0
TEST_00123,49,2026-02-24 22:43:30.984165,4.9438725307499904,21,UK,38,2024-04-12,16079.06980263426,0,22,1,0,-0.5000000000000004,0.8660254037844384,683,0.00030747254607601913,1,60.0,4.110873864173311,1,4,0,40.086317605594346,70.1090217311906,-0.5012541780577742,-35.14244507484435,3,0.9703812,1,0
TEST_00013,50,2026-02-24 01:04:30.984165,2.964533710045631,28,TN,156,2024-04-12,9731.795720886228,0,1,1,0,0.25881904510252074,0.9659258262890683,683,0.00030462350372636727,0,0.0,0.0,0,0,0,34.91683981756334,33.343747578881214,-0.9582695061265439,-31.95230610751771,2,0.20462902,0,1
TEST_00058,50,2026-02-24 03:37:30.984165,89.73807478872212,102,US,28,2024-04-12,16118.463625218963,1,3,1,0,0.7071067811865476,0.7071067811865476,683,0.005567408710611714,1,9180.0,9.1248914101437,0,1,0,34.91683981756334,33.343747578881214,1.6441228869142406,54.82123497115877,4,0.21466804,0,0
TEST_00148,50,2026-02-24 12:57:30.984165,33.85008686796554,144,DE,161,2024-04-12,19821.78822172631,0,12,1,0,1.2246467991473532e-16,-1.0,683,0.0017077211444960882,1,33600.0,10.422311107413181,0,2,0,34.91683981756334,33.343747578881214,-0.03199258353154086,-1.0667529495978059,0,0.1423369,0,1
TEST_00089,50,2026-02-24 16:57:30.984165,33.55773650515712,78,UK,55,2024-04-12,11598.08889897354,0,16,1,0,-0.8660254037844385,-0.5000000000000004,683,0.002893385004845675,1,14400.0,9.575052927597383,0,3,0,34.91683981756334,33.343747578881214,-0.04076035249449595,-1.3591033124062193,3,0.09360101,0,1
TEST_00093,50,2026-02-24 19:06:30.984165,14.473767215926316,158,TN,166,2024-04-12,18209.850091367352,0,19,1,0,-0.9659258262890684,0.2588190451025203,683,0.0007948317610142117,0,7740.0,8.954286157204713,0,4,0,34.91683981756334,33.343747578881214,-0.6131004447616595,-20.443072601637027,2,0.07891828,0,1
